Gangguan PLTU Paiton, Sejumlah Pabrik Alami Pemadaman Listrik06/09/2018, 13:42 WIBRegional<div class="read__content">
<p dir="ltr"><strong> <a class="inner-link-tag" href="https://indeks.kompas.com/tag/karawang" style="color:#428bca;" target="_self">KARAWANG</a>, KOMPAS.com </strong>- Akibat gangguan di PLTU Paiton, Kamis (6/9/2018), sejumlah wilayah di  <a class="inner-link-tag" href="https://indeks.kompas.com/tag/karawang" style="color:#428bca;" target="_self">Karawang</a> mengalami  <a class="inner-link-tag" href="https://indeks.kompas.com/tag/pemadaman" style="color:#428bca;" target="_self">pemadaman</a> bergilir, termasuk sejumlah pabrik. </p>
<p dir="ltr">Koordinator Kehumasan PLN Area Karawang Imam Chanafi mengungkapkan, pemadaman bergilir di Karawang dibagi menjadi dua tahap.</p>
<p dir="ltr">Tahap pertama, pemadaman listrik di zona industri di Kosambi dan Cikampek, serta wilayah Rengasdengklok.</p>
<p dir="ltr">" <a class="inner-link-tag" href="https://indeks.kompas.com/tag/pemadaman" style="color:#428bca;" target="_self">Pemadaman</a> ini berlangsung dari pukul 09.00 WIB hingga pukul 13.00 WIB," ujar Imam ketika dikonfirmasi Kompas.com.</p>
<p dir="ltr"><strong>Baca juga: <a class="inner-link-baca-juga" href="https://regional.kompas.com/read/2018/09/06/12141431/listrik-padam-kegiatan-belajar-mengajar-di-itb-terganggu" target="_self">Listrik Padam, Kegiatan Belajar Mengajar di ITB Terganggu</a></strong></p>
<p dir="ltr">Sementara untuk tahap kedua, pemadaman listrik bergilir dilakukan di wilayah PT Pindodeli 3 dan PT BMJ dari pukul 13.00-15.00 WIB.</p>
<p dir="ltr">Hingga saat ini, pihaknya masih menunggu informasi tentang pemulihan pemadaman. Pasalnya, Karawang terkena dampak pemadaman dari pembangkit PLTU Paiton.</p>
<p dir="ltr">Berdasarkan rilis PLN Distribusi Jawa Barat, pemadaman listrik bergilir dilakukan sehubungan dengan terjadinya gangguan interkoneksi 500 kV JAMALI pada pukul 11:26 di PLTU Pacitan unit 2, SUTET Paiton Grati 1,2, dan SUTET Paiton Kediri 1, 2, yang menyebabkan <em>black out</em> di Sub Sistem Kediri 1,2,3, Sub Sistem Paiton, Sub Sistem Bali, dan Seluruh Unit PLTU Paiton.</p><!-- (ads.paralax) -->
<p dir="ltr">Wilayah Jawa Barat yang terkena dampak beban padam yakni Bandung, Bekasi, Cianjur, Cimahi, Cirebon, Garut, Karawang, Purwakarta, Majalaya, Sumedang, Tasikmalaya, Depok, Gunung Putri, dan Sukabumi.</p>
<p dir="ltr"><strong>Baca juga: <a class="inner-link-baca-juga" href="https://megapolitan.kompas.com/read/2018/09/05/22013341/listrik-sempat-padam-aktivitas-di-stasiun-bekasi-kembali-normal" target="_self">Listrik Sempat Padam, Aktivitas di Stasiun Bekasi Kembali Normal</a></strong></p>
<p dir="ltr">Pihak PLN menyampaikan permohonan maaf kepada pelanggan atas ketidaknyamanan akibat pemadaman tersebut.</p>
<p dir="ltr">"PLN sedang berusaha untuk menormalkan kembali gangguan yang terjadi pada pembangkit-pembangkit di atas," ujar Plt Deputy Manajer Komunikasi dan Bina Lingkungan PT PLN (Persero) Distribusi Jawa Barat, Iwan Ridwan.</p><div id="ivs-widget-763e9270-6476"></div>
<p dir="ltr">"Kami berkomitmen untuk memberikan pelayanan terbaik kepada masyarakat," tambahnya.</p>
<div class="video" id="89198"><iframe allowfullscreen="true" frameborder="0" height="301px" src="https://playv.kompas.com/29511485845126f28d9738/2c28149119287516b28573_default/index?vid=c86f15361376413ce85909_cmsv" webkitallowfullscreen="true" width="100%"></iframe><span class="pb_10 author">Kompas TV</span> Proyek ini merupakan bagian dari mega proyek listrik 35.000 megawatt.</div>
<p dir="ltr"></p><div id="div-gpt-ad-974648810682144181-4112">
<script type="text/javascript">
            googletag.cmd.push(function() { googletag.display('div-gpt-ad-974648810682144181-4112'); });
        </script>
</div>
<br/> <div class="fb-quote"></div>
</div>Pembangunan Baru JPO Jembatan Gantung Menunggu Persetujuan Gubernur DKI06/09/2018, 13:42 WIBMegapolitan<div class="read__content">
<p> <strong>JAKARTA, KOMPAS.com</strong> - Wali Kota Jakarta Barat Rustam Effendi menyampaikan hasil rapat koordinasi Dinas Bina Marga dan Dishub DKI terkait  <a class="inner-link-tag" href="https://indeks.kompas.com/tag/jpo" style="color:#428bca;" target="_self">JPO</a> <a class="inner-link-tag" href="https://indeks.kompas.com/tag/jembatan-gantung" style="color:#428bca;" target="_self">Jembatan Gantung</a>.</p>
<p>Diketahui, jembatan yang terletak di Jalan Daan Mogot, Jakarta Barat, itu rusak akibat ditabrak oleh truk teronton pada 29 Juli 2017.</p>
<p>Setelah bersurat ke Badan Pengelola Aset Daerah Provinsi DKI Jakarta mengenai usulan penghapusan aset JPO ini, Dinas Perhubungan dan Dinas Bina Marga DKI akan membangun kembali jembatan yang baru.</p>
<p> </p>
<p>"Penanganan  <a class="inner-link-tag" href="https://indeks.kompas.com/tag/pembangunan" style="color:#428bca;" target="_self">pembangunan</a> baru Jembatan Gantung akan dilakukan menunggu persetujuan Pak Gubernur," kata Rustam, menyampaikan hasil rapat kepada wartawan, Rabu (5/9/2018).</p>
<p><strong>Baca juga: <a class="inner-link-baca-juga" href="https://megapolitan.kompas.com/read/2018/07/30/20195481/jpo-jembatan-gantung-yang-terputus-akan-diperbaiki-agustus" target="_self">JPO Jembatan Gantung yang Terputus Akan Diperbaiki Agustus</a></strong></p>
<p>Sambil menunggu proses penghapusan aset, pembongkaran JPO tersebut dilakukan karena sudah dalam kondisi rusak parah.</p>
<p>Kerusakan JPO tersebut berdampak pada pejalan kaki tidak bisa menggunakan jembatan ke arah Cengkareng tersebut. </p><!-- (ads.paralax) -->
<p>Tak hanya terputus, kondisi bahaya juga terlihat pada bagian yang JPO yang masih berfungsi. Sisi gelagar jembatan yang terputus belum dipagari dan keropos. </p><p> Ada pula lubang sekitar 40 sentimeter dari arah jembatan ke jalur tangga pejalan kaki menuju halte transjakarta. Lubang hanya diberi besi berukuran 1x0,5 meter sebagai pijakan penghubung.</p>
<p>Peringatan "Hati2 Ada Lobang" dipasang di bagian jembatan yang putus sebagai peringatan kepada pejalan kaki.</p>
<p><strong>Baca juga: <a class="inner-link-baca-juga" href="https://megapolitan.kompas.com/read/2018/01/25/11582251/pembangunan-pengganti-jembatan-gantung-di-jagakarsa-selesai-4-bulan" target="_self">Pembangunan Pengganti Jembatan Gantung di Jagakarsa Selesai 4 Bulan</a></strong></p><p> Perbaikan sementara kerusakan-kerusakan tersebut baru dilakukan pada satu tahun kemudian, pada Sabtu (28/7/2018), oleh petugas Suku Dinas Bina Marga Jakarta Barat.</p><div id="ivs-widget-763e9270-6476"></div><p> Petugas mengelas lubang yang berjarak dengan pelat besi dan memasangi pagar pada bagian jembatan yang terputus dan keropos.</p>
<p>Namun, pejalan kaki masih belum bisa menggunakan sisi jembatan yang terputus itu.</p><div id="div-gpt-ad-974648810682144181-4112">
<script type="text/javascript">
            googletag.cmd.push(function() { googletag.display('div-gpt-ad-974648810682144181-4112'); });
        </script>
</div>
<br/> <div class="fb-quote"></div>
</div>Pendaftaran CPNS Segera Dibuka, Ada 238.015 Posisi yang Tersedia06/09/2018, 13:37 WIBNasional<div class="read__content">
<p><strong>JAKARTA, KOMPAS.com</strong> - Pemerintah memastikan akan segera membuka pendaftaran calon pegawai negeri sipil untuk tahun 2018. Ada 238.015 kuota  <a class="inner-link-tag" href="https://indeks.kompas.com/tag/PNS" style="color:#428bca;" target="_self">PNS</a> yang akan diperebutkan oleh pendaftar.</p>
<p>"Kebutuhan PNS secara nasional adalah 238.015," kata Menteri Pemberdayaan Aparatur Negara dan Reformasi Birokrasi Asman Abnur dalam jumpa pers di Jakarta, Kamis (6/9/2018).</p>
<p>Syafruddin menjelaskan, jumlah tersebut terdiri dari 51.271 posisi untuk PNS di instansi pemerintah pusat dan 186.744 untuk PNS di instansi pemerintah daerah baik provinsi, kabupaten dan kota.</p>
<p>Syafruddin menjelaskan, kebanyakan posisi yang tersedia itu adalah untuk menggantikan posisi PNS yang sudah pensiun.</p><!-- (ads.paralax) -->
<p><strong>Baca juga: <a class="inner-link-baca-juga" href="https://nasional.kompas.com/read/2018/09/05/21544421/ganjar-pranowo-tegaskan-akan-pecat-pns-koruptor" target="_self">Ganjar Pranowo Tegaskan Akan Pecat PNS Koruptor</a></strong></p><div id="ivs-widget-763e9270-6476"></div>
<p>"Kecuali formasi guru, dosen, kemudian yang sangat dibutuhkan adalah tenaga kesehatan," ujarnya.</p>
<p>Sementara itu, waktu pendaftaran saat ini masih dibahas dalam rakor antara Kemenpan-RB dengan sekda dari setiap daerah. Namun, kemungkinan pendaftaran akan dibuka pada 16-20 September. </p>
<div id="div-gpt-ad-974648810682144181-4112">
<script type="text/javascript">
            googletag.cmd.push(function() { googletag.display('div-gpt-ad-974648810682144181-4112'); });
        </script>
</div>
<br/> <div class="fb-quote"></div>
</div>Kontraktor Mengaku Beri Rp 75 Juta untuk Akomodasi 25 Kader PAN Hadiri Pelantikan Zumi Zola06/09/2018, 13:34 WIBNasional<div class="read__content">
<p><strong>JAKARTA, KOMPAS.com</strong> - Pengusaha bidang infrastruktur di Provinsi Jambi, Muhammad Imaddudin alias Iim mengaku pernah memberikan uang Rp 75 juta kepada Gubernur Jambi  <a class="inner-link-tag" href="https://indeks.kompas.com/tag/Zumi-Zola" style="color:#428bca;" target="_self">Zumi Zola</a>. Pemberian uang melalui orang kepercayaan Zumi, Apif Firmansyah.</p><p> Menurut Iim, uang tersebut untuk keperluan akomodasi 25 kader Partai Amanat Nasional ( <a class="inner-link-tag" href="https://indeks.kompas.com/tag/PAN" style="color:#428bca;" target="_self">PAN</a>) saat akan menghadiri pelantikan Zumi sebagai Gubernur Jambi.</p><p> Hal itu dikatakan Iim saat bersaksi di Pengadilan Tindak Pidana Korupsi Jakarta, Kamis (6/9/2018). Dia bersaksi untuk terdakwa Zumi Zola.</p><p> "Akomodasi DPD PAN ke Jakarta," ujar Iim kepada jaksa Komisi Pemberantasan Korupsi (KPK).</p><p> Menurut Iim, uang tersebut digunakan Apif untuk memesan kamar hotel dan membayar rental mobil. Selain itu, uang juga digunakan untuk keperluan uang saku kader PAN saat ke Jakarta.</p>
<p><strong>Baca juga: <a class="inner-link-baca-juga" href="https://nasional.kompas.com/read/2018/09/06/12253241/penjelasan-saksi-soal-permintaan-loyal-royal-dan-total-untuk-zumi-zola" target="_self">Penjelasan Saksi soal Permintaan Loyal, Royal, dan Total untuk Zumi Zola</a></strong></p><p> Iim saat itu mengetahui bahwa Zumi merupakan pengurus PAN di Provinsi Jambi.</p><p> Awalnya, menurut Iim, dia dikenalkan oleh Apif kepada Zumi Zola. Setelah pemberian-pemberian tersebut, Iim mendapatkan proyek pekerjaan di Pemerintah Provinsi Jambi.</p><p> Dalam surat dakwaan disebutkan bahwa setelah dilantik sebagai Gubernur, Zumi membentuk tim yang diketuai oleh Apif Firmansyah dan salah satu anggotanya adalah Muhammad Imaddudin alias Iim selaku rekanan untuk mengerjakan proyek tahun anggaran 2016 yang belum dilelangkan.</p><!-- (ads.paralax) --><p> Apif dan Iim sekaligus diminta mengumpulkan fee proyek TA 2016 dari para rekanan maupun Kepala Dinas Organisasi Pemerintah Daerah (OPD) Provinsi Jambi.</p>
<p><strong>Baca juga: <a class="inner-link-baca-juga" href="https://nasional.kompas.com/read/2018/09/06/12454451/ketakutan-saat-kpk-gelar-ott-saksi-mengaku-bakar-catatan-uang-untuk-zumi" target="_self">Ketakutan Saat KPK Gelar OTT, Saksi Mengaku Bakar Catatan Uang untuk Zumi Zola</a></strong></p><p> Menurut jaksa, sebelumnya Zumi telah berteman dengan Apif dan Asrul Pandapotan Sihotang. Maka, saat pilkada, Zumi menunjuk Apif sebagai </p><p> Bendahara Tim Sukses Pemilihan Gubernur Jambi, sekaligus sebagai asisten pribadi.</p><p> Apif atas persetujuan Zumi kemudian meminta bantuan Iim untuk membiayai beberapa kegiatan Zumi saat awal menjabat sebagai Gubernur. </p><div id="ivs-widget-763e9270-6476"></div><p> Dalam kasus ini, Zumi Zola didakwa menerima gratifikasi sebesar lebih dari Rp 40 miliar. Zumi juga didakwa menerima 177.000 dollar Amerika Serikat dan 100.000 dollar Singapura.</p><p> Selain itu, Zumi juga didakwa menerima 1 unit Toyota Alphard.</p><div id="div-gpt-ad-974648810682144181-4112">
<script type="text/javascript">
            googletag.cmd.push(function() { googletag.display('div-gpt-ad-974648810682144181-4112'); });
        </script>
</div>
<br/> <div class="fb-quote"></div>
</div>Ridwan Kamil: Kami Ingin Bangun Manusia yang Religius, Pancasilais, Toleran, dan Kompetitif06/09/2018, 13:31 WIBRegional<div class="read__content">
<p><strong> <a class="inner-link-tag" href="https://indeks.kompas.com/tag/Bandung" style="color:#428bca;" target="_self">BANDUNG</a>, KOMPAS.com </strong>- Gubernur  <a class="inner-link-tag" href="https://indeks.kompas.com/tag/Jawa-Barat" style="color:#428bca;" target="_self">Jawa Barat</a> <a class="inner-link-tag" href="https://indeks.kompas.com/tag/Ridwan-Kamil" style="color:#428bca;" target="_self">Ridwan Kamil</a> berjanji akan melanjutkan kesuksesan gubernur dan wakil gubernur Jawa Barat sebelumnya, Ahmad Heryawan-Deddy Mizwar.</p><p>“Zaman baru pemimpin baru. Zaman baru cara baru juga kita dalam menghadapi permasalahan," ujar Ridwan dalam sambutannya di acara serah terima jabatan di halaman Gedung Sate Kota  <a class="inner-link-tag" href="https://indeks.kompas.com/tag/Bandung" style="color:#428bca;" target="_self">Bandung</a>, Kamis (6/9/2018). </p>
<p>"Saya akan melanjutkan yang terbaik yang sudah dilakukan oleh Pak Ahmad Heryawan dan Pak Deddy Mizwar,” tambah pria yang kerap disapa Emil ini menjelaskan.</p><p> Emil mengaku, ia bersama wakilnya, Uu Ruzhanul Ulum akan meningkatkan kualitas pelayanan masyarakat Pemerintah Provinsi Jawa Barat di masa kepemimpinanya.</p>
<p><strong>Baca juga: <a class="inner-link-baca-juga" href="https://regional.kompas.com/read/2018/09/06/12295601/ridwan-kamil-bakal-bikin-whatsapp-grup-khusus-bupati-wali-kota-di-jawa-barat" target="_self">Ridwan Kamil Bakal Bikin WhatsApp Grup Khusus Bupati Wali Kota di Jawa Barat</a></strong></p><p> “Kami akan melanjutkan perbaikan aspek-aspek yang belum sempurna. Visi kami berdua adalah terwujudnya Jawa Barat Juara lahir batin,” ucapnya. </p><!-- (ads.paralax) --><p> Untuk memastikan visi dan misi Jawa Barat Juara Lahir Batin, Emil memastikan, ke depan sumber daya manusia (SDM) di Pemerintah Provinsi Jawa Barat wajib berkualitas.</p><p> “SDM harus yang terbaik pendidikannya. Kami punya banyak cara yang akan kami tawarkan kepada masyarakat Jawa Barat,” ungkapnya.</p><div id="ivs-widget-763e9270-6476"></div><p> Tidak hanya pembangunan infrastruktur yang jadi prioritas. Emil menilai, perlu ada pembangunan sumber daya manusia (SDM) yang positif di segala aspek.</p><p> “Kami ingin membangun manusia Jawa Barat yang religius, pancasilais, toleran, dan kompetitif,” tandasnya. </p>
<div id="div-gpt-ad-974648810682144181-4112">
<script type="text/javascript">
            googletag.cmd.push(function() { googletag.display('div-gpt-ad-974648810682144181-4112'); });
        </script>
</div>
<br/> <div class="fb-quote"></div>
</div>KPU Berpegang pada Putusan MA untuk Tetapkan DCT Pemilu 201906/09/2018, 13:18 WIBNasional<div class="read__content">
<p><strong>JAKARTA, KOMPAS.com</strong> - Ketua Komisi Pemilihan Umum ( <a class="inner-link-tag" href="https://indeks.kompas.com/tag/KPU" style="color:#428bca;" target="_self">KPU</a>) Arief Budiman menyebut pihaknya bersama Badan Pengawas Pemilu (Bawaslu) dan Dewan Kehormatan Penyelenggara Pemilu (DKPP) menantikan putusan  <a class="inner-link-tag" href="https://indeks.kompas.com/tag/MA" style="color:#428bca;" target="_self">MA</a> terhadap Peraturan KPU (PKPU).</p><p> Putusan MA tersebut akan digunakan oleh ketiga lembaga penyelenggara pemilu untuk menentukan nasib caleg mantan napi korupsi.</p><p> Jika nantinya putusan MA keluar setelah KPU menetapkan Daftar Calon Tetap (DCT), maka, KPU tetap akan berpedoman pada hasil putusan MA.</p><p> Artinya, KPU akan mencoret nama caleg mantan napi korupsi jika hasil uji materi MA memutuskan PKPU harus digunakan dalam penyelesaian polemik  <a class="inner-link-tag" href="https://indeks.kompas.com/tag/bacaleg" style="color:#428bca;" target="_self">bacaleg</a> mantan napi korupsi.</p>
<p><strong>Baca juga: <a class="inner-link-baca-juga" href="https://nasional.kompas.com/read/2018/09/06/12393911/kpu-bawaslu-dan-dkpp-desak-ma-putuskan-uji-materi-pkpu" target="_self">KPU, Bawaslu, dan DKPP Desak MA Putuskan Uji Materi PKPU</a></strong></p><p> Sebaliknya, KPU akan menetapkan mantan napi korupsi sebagai caleg jika hasil uji materi MA memutuskan PKPU tidak digunakan dalam menyelesaikan polemik tersebut.</p><p> "Nanti kalau sudah (penetapan) DCT gimana? Ya enggak apa-apa. Kalau ada putusan MA, apapun keputusannya, apapun isinya, jalankan" kata Arief usai melakukan pertemuan dengan Bawaslu dan DKPP, di kantor DKPP, Jakarta Pusat, Rabu (5/9/2018) malam. </p><p> Di samping itu, jika putusan MA tak kunjung keluar sampai pada penetapan DCT, KPU akan tetap berpegang pada PKPU dalam mengakhiri polemik bacaleg mantan napi korupsi. </p><p> "Selama PKPU belum diubah, maka proses pencalonan ini mau berpedoman pada apa kalau bukan pada PKPU. Karena KPU lah yang diberi kewenangan untuk mengatur tahapan detailnya, waktunya, jenisnya, caranya," tutur Arief. </p><!-- (ads.paralax) -->
<p><strong>Baca juga: <a class="inner-link-baca-juga" href="https://nasional.kompas.com/read/2018/09/06/12013461/ma-anggap-dorongan-percepat-putusan-uji-materi-pkpu-salah-alamat" target="_self">MA Anggap Dorongan Percepat Putusan Uji Materi PKPU Salah Alamat </a></strong></p><p> Sebelumnya, Bawaslu sudah meloloskan para mantan koruptor sebagai bakal caleg 2019.</p><p> Pada masa pendaftaran bacaleg, mereka dinyatakan tidak memenuhi syarat (TMS) oleh KPU. </p><p> Para mantan koruptor tersebut lantas mengajukan sengketa pendaftaran ke Bawaslu dan Panwaslu setempat. Hasil sengketa menyatakan seluruhnya memenuhi syarat (MS).</p><p> Bawaslu mengacu pada Undang-Undang Pemilu nomor 7 tahun 2017 yang tidak melarang mantan koruptor untuk mendaftar sebagai caleg. </p><div id="ivs-widget-763e9270-6476"></div><p> Sementara KPU, dalam bekerja berpegang pada Peraturan KPU (PKPU) Nomor 20 tahun 2018 yang memuat larangan mantan koruptor menjadi calon wakil rakyat.</p><p> KPU untuk saat ini menolak menjalankan keputusan Bawaslu. KPU akan merevisi keputusan jika bertentangan dengan putusan Mahkamah Agung nantinya.</p><div id="div-gpt-ad-974648810682144181-4112">
<script type="text/javascript">
            googletag.cmd.push(function() { googletag.display('div-gpt-ad-974648810682144181-4112'); });
        </script>
</div>
<br/> <div class="fb-quote"></div>
</div>Sarjana Melimpah, tapi Perusahaan Sulit Dapat Tenaga Kerja Siap Pakai06/09/2018, 13:14 WIBBrandzView<div class="read__content">
<p><strong>KOMPAS.com</strong> - Pernah melihat iklan lowongan kerja salah satu perusahaan untuk posisi tertentu yang selalu muncul terus-menerus di situs pencari kerja?</p><p>Jika iya, bisa jadi perusahaan tersebut belum menemukan kandidat tenaga kerja yang sesuai dengan kebutuhannya.</p><p>Meskipun jumlah tenaga kerja Indonesia melimpah, tetapi itu bukanlah jaminan perusahaan bisa mendapatkan tenaga kerja yang siap pakai.</p><p>Hasil studi Willis Towers Watson tentang Talent Management and Rewards sejak tahun 2014 yang dipublikasi pada Maret 2016 mengungkap, delapan dari sepuluh perusahaan di Indonesia kesulitan mendapatkan lulusan perguruan tinggi siap pakai.</p><p>Padahal, semestinya perusahaan tidak sulit mencari tenaga kerja, sebab pertumbuhan lulusan perguruan tinggi di Indonesia setiap tahun selalu bertambah. Sudah begitu, jumlah angka permintaan perusahaan terhadap tenaga kerja selalu lebih rendah dari pada jumlah lulusannya.</p><p>"Setelah India dan Brasil, Indonesia menempati peringkat ketiga sebagai negara dengan pertumbuhan lulusan universitas lebih dari 4 persen dan rata-rata surplus 1.5 persen per tahun. Namun, perusahaan tetap kesulitan mendapatkan karyawan yang berpotensi tinggi," ujar Consultant Director Willis Tower Watson Indonesia, Lilis Halim seperti dimuat <em>Kompas.com</em>, Rabu (20/4/2016).</p><p>Usut punya usut, keadaan itu terjadi karena mereka tidak memiliki <em>skill</em> yang dibutuhkan industri saat ini. Salah satu penyebabnya datang dari kurikulum pada kebanyakan perguruan tinggi yang sudah tidak sesuai lagi untuk menjawab kebutuhan industri.</p><p>Pakar pendidikan Indonesia Arief Rachman mengamini hal tersebut. Untuk itu, ia berharap pemerintah dan perguruan tinggi bisa mengajak pihak swasta untuk menyusun kurikulum yang tepat.</p><p>"Kurikulum harus dibentuk juga oleh teman-teman dari swasta, sebab (dari swasta) kami jadi tahu pengalaman di lapangan dan itu merupakan guru paling hebat bagi mahasiswa," ujar dia.</p><p><strong>Kurikulum harus selalu diperbaharui</strong></p><p>Berangkat dari permasalahan tersebut, kini beberapa universitas di Indonesia sudah mulai melibatkan sektor swasta untuk pengembangan kurikulumnya.</p><p>Salah satunya adalah Universitas  <a class="inner-link-tag" href="https://indeks.kompas.com/tag/Prasetiya-Mulya" style="color:#428bca;" target="_self">Prasetiya Mulya</a>. Lembaga pendidikan ini dari kali pertama menyusun kurikulum sudah melibatkan pakar industri, pelaku usaha, bahkan bekerja sama dengan perusahaan-perusahaan terkait.</p><!-- (ads.paralax) --><p>Kepala Program Studi S1 Renewable Energy Engineering Universitas Prasetiya Mulya, Indra Buana mengatakan, pihaknya juga secara berkelanjutan terus memperbaharui kurikulum yang ada di jurusannya.</p><p>"Kami secara perodik, paling cepat 2 tahun sekali selalu mengevaluasi kurikulum untuk menyesuaikan dengan perkembangan industri," kata dia, Senin (3/9/2018).</p><p>Adapun untuk mengenalkan mahasiswa terhadap kebutuhan industri masa kini, mereka diwajibkan mengikuti magang dua kali selama kuliah. Pertama saat semester 1 dengan jangka waktu satu bulan dan kedua pada semester 5 dengan jangka waktu yang disesuaikan dengan jadwal kuliah masing-masing jurusan.</p>
<p></p><div class="photo" id="5b90b53bce61d0133b1e3dde" style="   max-width: 100% ; width:780px "><img alt="CEO Cisarua Mountain Dairy (Cimory) menjadi dosen tamu di Universitas Prasetiya Mulya " data-aligment="" data-width="780px" src="https://asset.kompas.com/crop/0x17:800x417/780x390/data/photo/2018/09/06/1679948071.jpg"/><span class="pb_10 author">Dok Prasetiya Mulya </span> CEO Cisarua Mountain Dairy (Cimory) menjadi dosen tamu di Universitas Prasetiya Mulya </div>Agar peserta didik mendapat wawasan mengenai perkembangan terbaru di industri terkait, pihak kampus pun sering mengundang pelaku industri untuk mengajar sebagai dosen tamu.<p>Manager Program Studi S1 Branding Universitas Prasetiya Mulya Fredy Utama mengatakan, tujuan mengundang dosen tamu mengajar adalah supaya mahasiswa tahu bagaimana cara untuk mengaplikasi ilmu yang sudah diperoleh di bangku kuliah.</p><p>"Dengan memberikan pemaparan apa yang terjadi sesungguhnya di industri akan memberikan banyak sekali insight bagi mahasiswa sebagai bekalnya kelak ketika menjadi profesional atau pun menjadi pebisnis," kata Fredy.</p><p>Lebih jauh soal pengaplikasian ilmu, lanjut Fredy, kampus ini memiliki program Project Based Learning yang menjadi <em>final project</em> mahasiswa. Melalui program tersebut mahasiswa diharuskan menyelesaikan permasalahan suatu perusahaan.</p><p>Contohnya seperti Project Based Learning S1 Branding Prasetiya Mulya dengan Taman Impian Jaya Ancol Januari 2017 silam. Saat itu, Taman Impian Jaya Ancol membutuhkan ide-ide kekinian yang membawa warna baru untuk memasarkan kawasan wisata terpadu ini.</p><p>Untuk menjawab tantangan tersebut, mahasiswa semester tujuh program S1 Branding harus mempresentasikan hasil analisis marketing Taman Impian Jaya Ancol dari segi consumer insight, consumer journey, competitor dan saran aktivitas marketing yang menarik.</p>
<p>Hal yang sama terjadi pula di School of Applied STEM (Science Technology Engineering &amp; Mathematics) Prasetiya Mulya. Mahasiswa di sini diwajibkan membuat <em>final project</em> berupa prototipe bisnis berbasis sains berdasarkan masalah yang ada di sekitar lingkungan masyarakat. </p>
<p>Project semester akhir mahasiswa tersebut kemudian dipamerkan dalam ajang STEM Student Exhibition. Di ajang ini mereka mendapat kesempatan untuk bertemu langsung dengan para praktisi industri.</p>
<p>Nah, kalau sudah begitu lulusan yang dihasilkan harapannya akan sesuai dengan kebutuhan industri. Masalah perusahaan sulit mendapatkan tenaga kerja yang siap pakai lambat laun bisa terselesaikan.</p><!-- (ads.native_banner) --> <div class="fb-quote"></div>
</div>Anies: Jangan Khawatir, Program DP 0 Rupiah Jalan Terus06/09/2018, 13:09 WIBMegapolitan<div class="read__content">
<p><strong>JAKARTA, KOMPAS.com</strong> - Gubernur DKI Jakarta  <a class="inner-link-tag" href="https://indeks.kompas.com/tag/Anies" style="color:#428bca;" target="_self">Anies</a> Baswedan memastikan, program huan  <a class="inner-link-tag" href="https://indeks.kompas.com/tag/DP-0" style="color:#428bca;" target="_self">DP 0</a> rupiah yang diusung Pemerintah Provinsi DKI Jakarta tetap berjalan.</p><p> Anies menyatakan, tidak adanya kabar terkait kelanjutan program itu bukan berarti program tersebut ditinggalkan.</p><p> "Jalan terus kok. Begini, kalau tidak ada berita bukan berarti tidak ada pergerakan, kalau kita tidak mengumumkan bukan berarti tidak ada," kata Anies di Ancol, Kamis (6/9/2018).</p>
<p><strong>Baca juga: <a class="inner-link-baca-juga" href="https://megapolitan.kompas.com/read/2018/08/28/17594391/dki-anggarkan-rp-717-miliar-di-apbd-p-2018-untuk-subsidi-rumah-dp-0" target="_self">DKI Anggarkan Rp 717 Miliar di APBD-P 2018 untuk Subsidi Rumah DP 0</a></strong></p><p> Meski begitu, Anies belum mau membocorkan kapan waktu penjualan hunian DP 0 rupiah tersebut. Ia menyatakan, hal tersebut akan diinfokan ketika sudah siap.</p><p> "Nanti begitu siap semua dibangun. Jangan khawatir, itu jalan terus, itu program prioritas kok," ujar dia.</p>
<p>Anies mengatakan, program itu berdasarkan pengalaman pribadinya yang sulit mendapatkan  <a class="inner-link-tag" href="https://indeks.kompas.com/tag/rumah" style="color:#428bca;" target="_self">rumah</a> di Jakarta.</p><!-- (ads.paralax) -->
<p>DP 0 persen, kata dia, bisa menjadi solusi bagi sulitnya warga mendapatkan rumah di Ibu Kota.</p>
<p>"Kalau dulu tidak ada <em>support</em> tanpa DP, mana mungkin saya bisa punya rumah. Jadi dari pengalaman pribadi itu, saya merasa banyak sekali nanti yang akan mendapat solusi yang sama," kata dia.</p>
<p><strong>Baca juga: <a class="inner-link-baca-juga" href="https://megapolitan.kompas.com/read/2018/08/14/23042871/rumah-dp-0-di-pondok-kelapa-mulai-tahap-pembangunan-fondasi" target="_self">Rumah DP 0 di Pondok Kelapa Mulai Tahap Pembangunan Fondasi</a></strong></p><div id="ivs-widget-763e9270-6476"></div><p> Program hunian DP 0 rupiah merupakan salah satu program andalan Anies ketika mengikuti Pilkada DKI Jakarta 2017. </p><p> Saat ini, Pemprov DKI tengah membangun rusunami DP 0 rupiah di kawasan Pondok Kelapa, Jakarta Timur. Proyek itu ditargetkan rampung pada Juli 2019.</p><div id="div-gpt-ad-974648810682144181-4112">
<script type="text/javascript">
            googletag.cmd.push(function() { googletag.display('div-gpt-ad-974648810682144181-4112'); });
        </script>
</div>
<br/> <div class="fb-quote"></div>
</div>Gedung Putih Buru Staf yang Ungkap Rencana Lengserkan Trump06/09/2018, 13:09 WIBInternasional<div class="read__content">
<p><strong>WASHINGTON DC, KOMPAS.com</strong> - Para pejabat top di  <a class="inner-link-tag" href="https://indeks.kompas.com/tag/gedung-putih" style="color:#428bca;" target="_self">Gedung Putih</a> dilaporkan melaksanakan pencarian terhadap staf yang menyebut adanya rencana melengserkan Presiden Donald  <a class="inner-link-tag" href="https://indeks.kompas.com/tag/trump" style="color:#428bca;" target="_self">Trump</a>.</p><p><em>New York Post</em> memberitakan Rabu (5/9/2018), para pejabat itu membatalkan rapat, dan menggelar pertemuan tertutup.</p><p><em>Washington Post</em> melaporkan, mereka menyusun puluhan teori dan nama yang mereka anggap sebagai  <a class="inner-link-tag" href="https://indeks.kompas.com/tag/pengkhianat" style="color:#428bca;" target="_self">pengkhianat</a> tersebut.</p>
<p><strong>Baca juga: <a class="inner-link-baca-juga" href="https://internasional.kompas.com/read/2018/09/06/11372921/staf-gedung-putih-sebut-ada-rencana-menyingkirkan-presiden-trump" target="_self">Staf Gedung Putih Sebut Ada Rencana Menyingkirkan Presiden Trump</a></strong></p><p>Nama Wakil Presiden Mike Pence dikabarkan menjadi sorotan setelah staf anonim itu mencantumkan kata lodestar.</p><p>Lodestar, atau Bintang Utara (bintang yang sering dijadikan patokan), merupakan kata yang sering digunakan Pence setiap berpidato.</p><p>Salah satu pejabat berujar kemungkinan pelaku hanya sekadar mencari sensasi dengan membiarkan dirinya ditangkap dan diumumkan ke publik.</p><p>Kepala Pembangunan dan Permukiman Region II Lynne Patton menulis di Instagram-nya bahwa kekacauan itu bakal segera teratasi.</p><p>"Sulit membayangkan si pelaku bisa lolos dari dinding Gedung Putih. Kami mengetahui mereka semua," kata Patton.</p><!-- (ads.paralax) --><p>Sebelumnya, seorang yang mengaku staf Gedung Putih menulis opini di <em>New York Times</em> bahwa terdapat usaha untuk menyingkirkan Trump.</p><p>Sebabnya, Trump dianggap menimbulkan risiko bagi Amerika Serikat (AS). Apalagi setelah dia mulai menjalin hubungan dengan Rusia dan Korea Utara.</p><p>Terdapat kasak-kusuk yang beredar di kalangan pejabat Gedung Putih untuk mengaktifkan Amandemen ke-25.</p><p>Amandemen tersebut memberikan kewenangan kepada Pence dan sejumlah menteri untuk mencopot presiden 72 tahun itu dari jabatannya.</p><p>Pernyataan si staf anonim itu keluar sehari setelah rilis buku karangan jurnalis Bob Woodward, Fear: Trump in the White House.</p><div id="ivs-widget-763e9270-6476"></div><p>"Kami sudah ikut tenggelam bersama Trump, dan membiarkan segala perbuatan sopan kami tercerabut," kata staf anonim itu.</p>
<p><strong>Baca juga: <a class="inner-link-baca-juga" href="https://internasional.kompas.com/read/2018/09/05/08350771/selain-ingin-bunuh-presiden-suriah-buku-terbaru-ungkap-rahasia-trump" target="_self">Selain Ingin Bunuh Presiden Suriah, Buku Terbaru Ungkap Rahasia Trump</a></strong></p><div id="div-gpt-ad-974648810682144181-4112">
<script type="text/javascript">
            googletag.cmd.push(function() { googletag.display('div-gpt-ad-974648810682144181-4112'); });
        </script>
</div>
<br/> <div class="fb-quote"></div>
</div>Diplomat China Berulah di KTT Pasifik, Presiden Nauru Berang06/09/2018, 13:06 WIBInternasional<div class="read__content">
<p><strong> <a class="inner-link-tag" href="https://indeks.kompas.com/tag/Nauru" style="color:#428bca;" target="_self">NAURU</a>, KOMPAS.com</strong> - Presiden  <a class="inner-link-tag" href="https://indeks.kompas.com/tag/Nauru" style="color:#428bca;" target="_self">Nauru</a> Baron Waqa meminta  <a class="inner-link-tag" href="https://indeks.kompas.com/tag/china" style="color:#428bca;" target="_self">China</a> meminta maaf setelah salah seorang diplomatnya berulah dalam Forum Negara-negara  <a class="inner-link-tag" href="https://indeks.kompas.com/tag/Pasifik" style="color:#428bca;" target="_self">Pasifik</a> yang baru saja berakhir.</p><p>Bahkan, Presiden Waqa mengecam sikap arogan yang dipertontonkan Beijing di dalam forum tersebut.</p><p>"China bukan teman kami. China hanya membutuhkan kami untuk kepentingannya," kata Waqa.</p><p>"Maaf saya bersikap sekeras ini tetapi tak seorang pun boleh datang dan mendikte kami," dia menegaskan.</p>
<p><strong>Baca juga: <a class="inner-link-baca-juga" href="https://internasional.kompas.com/read/2018/09/04/17324071/ongkos-ke-nauru-capai-rp-782-juta-ini-pembelaan-pm-selandia-baru" target="_self">Ongkos ke Nauru Capai Rp 782 Juta, Ini Pembelaan PM Selandia Baru</a></strong></p><p> <a class="inner-link-tag" href="https://indeks.kompas.com/tag/KTT" style="color:#428bca;" target="_self">KTT</a> Pasifik yang baru ditutup pada Kamis (6/9/2018) merupakan sidang yang diwarnai paling banyak perdebatan dalam sejarah 49 tahunnya</p><p>Pembicaraan utama soal perubahan iklim dibayang-bayangi perselisihan antara Nauru dan China serta perlakuan terhadap para pencari suaka yang dikirim Australia ke pulau itu.</p><p>Perelisihan diplomatik ini membuat Nauru, negeri berpenduduk 11.000 orang dan luas hanya 21 kilometer persegi, berhadap-hadapan dengan negara adidaya Asia itu.</p><p>Masalah dimulai pada Selasa (4/9/2018) ketika pemimpin delegasi China Du Qiwen mencoba untuk menyampaikan pidato dalam acara tersebut.</p><p>Namun, Waqa menolak dan meminta Du berbicara usai para pemimpin negara Pasifik menyelesaikan sambutan mereka.</p><p>Mendapat penolakan, Du naik pitam dan berjalan berkeliling ruangan untuk memperlihatkan kemarahannya sebelum meninggalkan pembicaraan.</p><p>"Apakah dia akan berlaku seperti itu di hadapan presidennya? Saya meragukan hal itu," ujar Waqa.</p><!-- (ads.paralax) --><p>"Dia menghina Pasifik, forum para pemimpin dan para menteri di wilayah ini. Apakah dia bercanda? Lihat dia, dia bukan siapa-siapa," tambah Waqa.</p><p>"Dia bahkan bukan seorang menteri dan dia meminta berbicara sebelum PM Tuvalu. Apakah dia gila?" tambah Waqa.</p><p>Waga, yang negerinya mendukung Taiwan dalam upaya mendapatkan pengakuan internasional, sudah membuat Beijing marah sebelum KTT digelar karena masalah visa.</p><p>Perseteruan dengan Du menunjukkan betapa sensitifnya upaya China meningkatkan pengaruhnya di Pasifik. Di kawasan ini China mengucurkan uang sebanyak 1,78 miliar dolar AS pada 2006-2016.</p><p>"Kami sudah menyaksikan banyak negara besar datang dan terkadang membeli pengaruh di Pasifik. Beberapa negara amat agresif, hingga ke cara mereka memperlakukan kami," ujar Waqa.</p><p>"Kini lewat forum ini, semua pemimpin tahu betapa arogannya orang-orang ini," lanjut Waqa.</p>
<p><strong>Baca juga: <a class="inner-link-baca-juga" href="https://internasional.kompas.com/read/2018/08/02/13593181/kisah-nauru-guantanamo-nya-australia-di-pasifik" target="_self">Kisah Nauru, Guantanamo-nya Australia di Pasifik</a></strong></p><p>Waqa menegaskan, Beijing harus meminta maaf atas perilaku diplomatnya itu dan berencana membawa masalah ini ke PBB.</p><p>"Tak hanya itu, kami akan menyebutnya di setiap acara PBB dan ajang internasional lainnya," kata Waqa.</p><div id="ivs-widget-763e9270-6476"></div><p>Namun, China nampaknya tidak akan meminta maaf. Seorang juru bicara Kemenlu China, Rabu (5/9/2018) mengatakan, Nauru sudah melanggar aturan dan "mempertontonkan lelucon yang tak lucu".</p><p><br/></p><div id="div-gpt-ad-974648810682144181-4112">
<script type="text/javascript">
            googletag.cmd.push(function() { googletag.display('div-gpt-ad-974648810682144181-4112'); });
        </script>
</div>
<br/> <div class="fb-quote"></div>
</div>Mobil Ombudsman Dibobol Maling, Data Investigasi Layanan Haji Ikut Raib06/09/2018, 13:04 WIBRegional<div class="read__content">
<p><strong> <a class="inner-link-tag" href="https://indeks.kompas.com/tag/yogyakarta" style="color:#428bca;" target="_self">YOGYAKARTA</a>, KOMPAS.com</strong> - Mobil yang dikendarai tim investigasi  <a class="inner-link-tag" href="https://indeks.kompas.com/tag/Ombudsman" style="color:#428bca;" target="_self">Ombudsman</a> Republik Indonesia (ORI) perwakilan DIY menjadi sasaran kejahatan pecah kaca.</p>
<p>Akibatnya, beberapa benda berharga raib, termasuk ponsel yang berisi data investigasi pelayanan  <a class="inner-link-tag" href="https://indeks.kompas.com/tag/haji" style="color:#428bca;" target="_self">haji</a>.</p><p> Kepala ORI perwakilan DIY, Budhi Masthuri menceritakan, pada Rabu (5/9/2018) malam, tim berkoordinasi dengan Komunitas Perempuan Peduli Pelayanan Publik (KP4) di Dusun Nepen, Desa Candibinangun, Kecamatan Pakem, Kabupaten Sleman.</p><p>"Mobil parkir di pinggir Jalan Raya Boyong," ujar Budhi Masthuri, Kamis (06/09/2018).</p>
<p><strong>Baca juga: <a class="inner-link-baca-juga" href="https://nasional.kompas.com/read/2018/08/31/22160621/digertak-ombudsman-puan-jamin-profesional-meski-jadi-timses-jokowi" target="_self">Digertak Ombudsman, Puan Jamin Profesional meski Jadi Timses Jokowi </a></strong></p><p> Saat tim sedang berkoordinasi di dalam rumah, tim mendapat kabar kaca mobil yang mereka gunakan dalam kondisi pecah. Tim lantas mengecek mobil.</p><p>"Ternyata benar kaca mobil sudah dalam keadaan pecah. Kejadiannya sekitar 19.00-19.30 WIB," ungkapnya.</p><p> Tim kemudian mengecek barang-barang yang ada di dalam mobil. Ternyata beberapa barang yang ada di dalam hilang.</p><!-- (ads.paralax) --><p> "Tas berisi dompet, ponsel, SIM, dan ATM. Di dalam ponsel itu ada data investigasi pelayanan haji, tapi hanya data biasa," tegasnya.</p><p>Saat kejadian, sambung dia, kondisi jalan cukup ramai. Hanya saja, mobil yang dikendarai tim Ombudsman memang tidak dipasangi alarm. </p><p>"Jadi Mobil sewa dan kebetulan tidak ada alarm," tuturnya.</p>
<p><strong>Baca juga: <a class="inner-link-baca-juga" href="https://megapolitan.kompas.com/read/2018/08/15/20055321/ombudsman-sebut-sejumlah-pejabat-kota-bekasi-gagal-mengatasi-penghentian" target="_self">Ombudsman Sebut Sejumlah Pejabat Kota Bekasi Gagal Mengatasi Penghentian Layanan Publik</a></strong></p><div id="ivs-widget-763e9270-6476"></div><p> Budhi menjelaskan, pihaknya langsung melaporkan kejadian tersebut ke Polsek Pakem, Sleman. Ia berharap polisi bisa menangkap pelaku dan mengetahui motifnya.</p><p> "Sudah melapor dan saat ini sedang ditangani pihak kepolisian. Kami harap Kepolisian memberikan atensi penanganan kasus ini," pungkasnya. </p><div id="div-gpt-ad-974648810682144181-4112">
<script type="text/javascript">
            googletag.cmd.push(function() { googletag.display('div-gpt-ad-974648810682144181-4112'); });
        </script>
</div>
<br/> <div class="fb-quote"></div>
</div>Kasus Gubernur Aceh, KPK Periksa Kerabat Steffy Burase untuk Dalami Kepemilikan Aset06/09/2018, 12:55 WIBNasional<div class="read__content">
<p><strong>JAKARTA, KOMPAS.com</strong> - Juru Bicara Komisi Pemberantasan Korupsi ( <a class="inner-link-tag" href="https://indeks.kompas.com/tag/KPK" style="color:#428bca;" target="_self">KPK</a>) Febri Diansyah memastikan kerabat  <a class="inner-link-tag" href="https://indeks.kompas.com/tag/Steffy-Burase" style="color:#428bca;" target="_self">Steffy Burase</a>, Farah Amalia menghadiri pemeriksaan. Steffy adalah tenaga ahli Aceh Marathon 2018 sekaligus rekan kerja dari Gubernur Aceh  <a class="inner-link-tag" href="https://indeks.kompas.com/tag/Irwandi-Yusuf" style="color:#428bca;" target="_self">Irwandi Yusuf</a>.</p><p> Farah diperiksa sebagai saksi untuk Irwandi yang menjadi tersangka dalam kasus dugaan penerimaan gratifikasi terkait pengalokasian penyaluran Dana Otonomi Khusus Aceh (DOKA) Tahun Anggaran 2018 pada Pemerintah Provinsi Aceh </p><p> "Untuk saksi Farah yang telah dilakukan penggeledahan di rumahnya, KPK perlu menelusuri kepemilikan aset dan juga hubungan saksi dengan Steffy," kata Febri dalam keterangan tertulisnya, Kamis (6/9/2018).</p>
<p><strong>Baca juga: <a class="inner-link-baca-juga" href="https://nasional.kompas.com/read/2018/08/23/20060051/kasus-gubernur-aceh-kpk-geledah-apartemen-steffy-burase-di-jakarta" target="_self">Kasus Gubernur Aceh, KPK Geledah Apartemen Steffy Burase di Jakarta</a></strong></p><p> Dalam penggeledahan di kediaman Farah beberapa waktu lalu, KPK menyita dokumen-dokumen dan barang bukti elektronik.</p><p> KPK, kata Febri, seringkali memeriksa dan menelusuri pihak-pihak yang secara kasat mata tak berkaitan langsung dalam suatu kasus. </p><p> Langkah itu ditempuh untuk menggali serta memverifikasi berbagai informasi soal aset atau hubungan kedekatan dengan tersangka.</p><p> "Mengacu ke pasal 47 Undang-undang Nomor 11 Tahun 2006 tentang Pemerintah Aceh, gubernur dilarang membuat keputusan yang memberikan keuntungan pada diri sendiri, keluarga, kroni dan lain-lain," kata Febri.</p><!-- (ads.paralax) -->
<p><strong>Baca juga: <a class="inner-link-baca-juga" href="https://nasional.kompas.com/read/2018/08/14/16581671/eks-model-steffy-burase-diperiksa-kpk-soal-aliran-dana-proyek-di-aceh" target="_self">Eks Model Steffy Burase Diperiksa KPK soal Aliran Dana Proyek di Aceh</a></strong></p><p> Hal itulah yang sedang ditelusuri KPK. Menurut dia, KPK terus mencari pihak-pihak yang diduga mendapatkan keuntungan dari kebijakan Irwandi terkait dana otonomi khusus tersebut.</p><p> "Siapa saja pihak yang diuntungkan atas kebijakan gubernur saat itu? Apakah diri sendiri, keluarga, kroni atau pihak yang memiliki kedekatan dengan tersangka," katanya.</p><p> Dalam kasus ini, KPK menduga upaya pemberian uang Rp 500 juta dari Bupati Bener Meriah Ahmadi kepada Irwandi terkait dugaan fee ijon proyek-proyek pembangunan infrastruktur yang bersumber dari Dana Otonomi Khusus Aceh Tahun 2018.</p><div id="ivs-widget-763e9270-6476"></div><p> Diduga pemberian tersebut merupakan bagian dari commitment fee 8 persen yang menjadi bagian untuk pejabat di Pemerintah Aceh dan setiap proyek yang dibiayai dari dana DOKA.</p><p> Pemberian uang kepada Irwandi tersebut diketahui dilakukan melalui orang-orang terdekatnya serta orang-orang terdekat Ahmadi sebagai perantara.</p><div id="div-gpt-ad-974648810682144181-4112">
<script type="text/javascript">
            googletag.cmd.push(function() { googletag.display('div-gpt-ad-974648810682144181-4112'); });
        </script>
</div>
<br/> <div class="fb-quote"></div>
</div>Menikah Saat Pelatnas, Pesilat Peraih Emas Iqbal-Sarah Berencana Bulan Madu ke Bali06/09/2018, 12:55 WIBRegional<div class="read__content">
<p><strong> <a class="inner-link-tag" href="https://indeks.kompas.com/tag/Kediri" style="color:#428bca;" target="_self">KEDIRI</a>, KOMPAS.com</strong> -  <a class="inner-link-tag" href="https://indeks.kompas.com/tag/Sarah-Tria-Monita" style="color:#428bca;" target="_self">Sarah Tria Monita</a> dan  <a class="inner-link-tag" href="https://indeks.kompas.com/tag/Iqbal-Candra-Pratama" style="color:#428bca;" target="_self">Iqbal Candra Pratama</a> pasangan atlet  <a class="inner-link-tag" href="https://indeks.kompas.com/tag/pencak-silat" style="color:#428bca;" target="_self">pencak silat</a> yang meraih medali  <a class="inner-link-tag" href="https://indeks.kompas.com/tag/emas" style="color:#428bca;" target="_self">emas</a> dalam gelaran  <a class="inner-link-tag" href="https://indeks.kompas.com/tag/Asian-Games" style="color:#428bca;" target="_self">Asian Games</a> sempat menunda bulan madu karena persiapan Asian Games itu sendiri. </p><p>Sehingga usai helatan Asian Games ini, hal pertama yang akan mereka lakukan adalah pergi bulan madu.</p><p> Untuk bisa menikmati waktu sebagai penganti baru itu , Sarah Tria Monita mengaku memilih  <a class="inner-link-tag" href="https://indeks.kompas.com/tag/Bali" style="color:#428bca;" target="_self">Bali</a> sebagai tempat penebusan hutangnya.</p><p>"Kami insyaallah mau ke Bali," ujar Sarah saat pulang kampung di  <a class="inner-link-tag" href="https://indeks.kompas.com/tag/Kediri" style="color:#428bca;" target="_self">Kediri</a>, Jawa Timur, Rabu (6/9/2018). </p><p> <strong>Baca juga: <a class="inner-link-baca-juga" href="https://regional.kompas.com/read/2018/09/06/12223611/bonus-asian-games-rp-3-miliar-ini-yang-dilakukan-pasangan-pesilat-sarah" target="_self">Bonus Asian Games Rp 3 Miliar, Ini yang Dilakukan Pasangan Pesilat Sarah-Iqbal</a></strong></p><p> Hanya saja soal waktu, dia mengaku masih menunggu selesainya semua agenda. Sebab, usai dari Asian Games itu, saat ini dia sibuk diundang oleh banyak kalangan.</p><p>Bahkan kepulangannya di Kediri itu juga sendirian dan dalam rangka untuk menghadiri undangan pemerintah setempat. Iqbal suaminya pulang ke Samarinda juga untuk acara yang dihelat pemerintah daerahnya.</p>
<p><iframe allowfullscreen="true" frameborder="0" height="301px" src="https://www.youtube.com/embed/vAAF8KJGNng" webkitallowfullscreen="true" width="100%"></iframe></p><p>Sarah dan Iqbal merupakan pasangan yang baru  <a class="inner-link-tag" href="https://indeks.kompas.com/tag/menikah" style="color:#428bca;" target="_self">menikah</a>. Mereka melangsungkannya pada Maret 2018 sehingga baru 5 bulan berstatus sebagai suami istri. </p><!-- (ads.paralax) --><p>Dua hari usai upacara pelaminan, mereka langsung kembali ke barak untuk sama-sama ikut Pelatnas  <a class="inner-link-tag" href="https://indeks.kompas.com/tag/pencak-silat" style="color:#428bca;" target="_self">Pencak Silat</a>. </p><p> <strong>Baca juga: <a class="inner-link-baca-juga" href="https://olahraga.kompas.com/read/2018/08/27/19385178/ketika-pasangan-suami-istri-kawinkan-emas-asian-games-bagi-indonesia" target="_self">Ketika Pasangan Suami Istri Kawinkan Emas Asian Games bagi Indonesia</a></strong></p><p> "Selama pelatnas kamar kami juga beda," ujar Sarah sambil tertawa.</p>
<p><strong>Cinta lokasi</strong></p><p>Sarah mengaku hubungan terjadi karena cinlok atau cinta lokasi. Pertemuan mereka diawali pada tahun 2012 yang lalu saat sama-sama mengikuti lejuaraan pencak  <a class="inner-link-tag" href="https://indeks.kompas.com/tag/silat" style="color:#428bca;" target="_self">silat</a>. Keduanya saat itu masih berstatus pelajar.</p><p>"Dulu saling lirik-lirikan lalu dia (Iqbal) ngajak kenalan, ya cinta lokasi deh." kata Sarah.</p><div id="ivs-widget-763e9270-6476"></div><p>Sebelumnya, Sarah dan Iqbal menjadi sorotan karena keberhasilannya meraih medali emas Asian Games dari Pencak  <a class="inner-link-tag" href="https://indeks.kompas.com/tag/silat" style="color:#428bca;" target="_self">Silat</a>.</p>
<p>Prestasi suami-istri itu mendapat ganjaran uang bonus total Rp 3 miliar, rumah, serta pekerjaan sebagai PNS.</p><div id="div-gpt-ad-974648810682144181-4112">
<script type="text/javascript">
            googletag.cmd.push(function() { googletag.display('div-gpt-ad-974648810682144181-4112'); });
        </script>
</div>
<br/> <div class="fb-quote"></div>
</div>Ketakutan Saat KPK Gelar OTT, Saksi Mengaku Bakar Catatan Uang untuk Zumi Zola06/09/2018, 12:45 WIBNasional<div class="read__content">
<p><strong>JAKARTA, KOMPAS.com -</strong> Pengusaha bidang infrastruktur di Provinsi Jambi, Muhammad Imaddudin alias Iim mengaku pernah diminta untuk mengumpulkan uang suap dari para kontraktor.</p>
<p>Uang-uang itu untuk diserahkan kepada Gubernur Jambi, Zumi Zola.</p>
<p>Hal itu dikatakan Iim saat bersaksi di Pengadilan Tindak Pidana Korupsi Jakarta, Kamis (6/9/2018). Dia bersaksi untuk terdakwa Zumi Zola.</p>
<p>Dalam persidangan, Iim mengaku mencatat seluruh penerimaan uang dari para kontraktor yang menjadi rekanan Dinas Pekerjaan Umum dan Perumahan Rakyat (PUPR) Provinsi Jambi.</p>
<p>Namun, buku catatan itu sudah dibakar oleh Iim.</p>
<p><strong>Baca juga: <a class="inner-link-baca-juga" href="https://nasional.kompas.com/read/2018/09/06/12253241/penjelasan-saksi-soal-permintaan-loyal-royal-dan-total-untuk-zumi-zola" target="_self">Penjelasan Saksi soal Permintaan Loyal, Royal, dan Total untuk Zumi Zola</a></strong></p>
<p>Catatan tersebut dimusnahkan tak lama setelah Komisi Pemberantasan Korupsi (KPK) menggelar operasi tangkap tangan di Jambi pada November 2017.</p>
<p>Saat itu, diduga terjadi pemberian suap yang disebut uang ketok kepada sejumlah anggota DPRD.</p>
<p>Uang itu terkait persetujuan DPRD terhadap pengesahan Rancangan Anggaran Pendapatan dan Belanja Daerah (R-APBD) Jambi tahun anggaran 2017-2018.</p>
<p>"Waktu OTT itu kami ketakutan, catatannya kami bakar. Saya takut, Pak," kata Iim kepada jaksa KPK.</p>
<p><strong>Baca juga: <a class="inner-link-baca-juga" href="https://nasional.kompas.com/read/2018/08/24/09021921/19-keperluan-zumi-zola-yang-diduga-dibayar-pakai-uang-gratifikasi" target="_self">19 Keperluan Zumi Zola yang Diduga Dibayar Pakai Uang Gratifikasi</a></strong></p><!-- (ads.paralax) -->
<p>Menurut Iim, pengumpulan uang dari para kontraktor itu dilakukan atas permintaan orang kepercayaan Zumi Zola, Apif Firmansyah.</p>
<p>Dalam surat dakwaan disebutkan bahwa setelah dilantik sebagai Gubernur, Zumi membentuk tim yang diketuai oleh Apif Firmansyah.</p>
<p>Salah satu anggotanya adalah Muhammad Imaddudin alias Iim selaku rekanan untuk mengerjakan proyek tahun anggaran 2016 yang belum dilelangkan.</p>
<p>Apif dan Iim sekaligus diminta mengumpulkan fee proyek TA 2016 dari para rekanan maupun Kepala Dinas Organisasi Pemerintah Daerah (OPD) Provinsi Jambi. </p>
<p><strong>Baca juga: <a class="inner-link-baca-juga" href="https://nasional.kompas.com/read/2018/08/24/06124261/ada-8-kepentingan-pan-yang-diduga-dibiayai-zumi-zola-dari-gratifikasi" target="_self">Ada 8 Kepentingan PAN yang Diduga Dibiayai Zumi Zola dari Gratifikasi</a></strong></p>
<p>Menurut jaksa, sebelumnya Zumi telah berteman dengan Apif dan Asrul Pandapotan Sihotang.</p>
<p>Maka, saat pilkada, Zumi menunjuk Apif sebagai Bendahara Tim Sukses Pemilihan Gubernur Jambi, sekaligus sebagai asisten pribadi.</p>
<p>Apif atas persetujuan Zumi kemudian meminta bantuan Iim untuk membiayai beberapa kegiatan Zumi saat awal menjabat sebagai Gubernur. </p><div id="ivs-widget-763e9270-6476"></div>
<p>Dalam kasus ini, Zumi Zola didakwa menerima gratifikasi sebesar lebih dari Rp 40 miliar. Zumi juga didakwa menerima 177.000 dollar Amerika Serikat dan 100.000 dollar Singapura.</p>
<p>Selain itu, Zumi juga didakwa menerima 1 unit Toyota Alphard.</p><div id="div-gpt-ad-974648810682144181-4112">
<script type="text/javascript">
            googletag.cmd.push(function() { googletag.display('div-gpt-ad-974648810682144181-4112'); });
        </script>
</div>
<br/> <div class="fb-quote"></div>
</div>Ingin Siswanya Rajin Belajar, SMA di China Singkirkan Kursi di Kantin06/09/2018, 12:40 WIBInternasional<div class="read__content">
<p><strong>SHANGQIU, KOMPAS.com</strong> - Sebuah SMA di Provinsi Henan,  <a class="inner-link-tag" href="https://indeks.kompas.com/tag/china" style="color:#428bca;" target="_self">China</a>, menuai kritikan setelah menyingkirkan kursi dari  <a class="inner-link-tag" href="https://indeks.kompas.com/tag/kantin" style="color:#428bca;" target="_self">kantin</a>.</p><p>Diwartakan <em>Oddity Central</em> Rabu (5/9/2018), para siswa SMA Shangqiu terkejut ketika kembali dari liburan musim panas, dan mendapati kursi di kantin tidak ada.</p>
<p><strong>Baca juga: <a class="inner-link-baca-juga" href="https://regional.kompas.com/read/2018/08/09/12591691/ibu-kantin-terlibat-aksi-penjebolan-sel-tahanan-narkoba-di-polda-sumsel" target="_self">Ibu Kantin Terlibat Aksi Penjebolan Sel Tahanan Narkoba di Polda Sumsel </a></strong></p><p>Juru bicara SMA Shangqiu menyatakan, mereka sengaja menyingkirkan kursi agar para murid tidak berlama-lama di kantin ketika jam makan siang.</p><p> <a class="inner-link-tag" href="https://indeks.kompas.com/tag/sekolah" style="color:#428bca;" target="_self">Sekolah</a> berusaha memotivasi siswa-siswa agar makan lebih cepat sehingga mendedikasikan lebih banyak waktunya untuk  <a class="inner-link-tag" href="https://indeks.kompas.com/tag/belajar" style="color:#428bca;" target="_self">belajar</a>.</p><p>"Setelahnya, kami bakal menempatkan tempat makan siang bagi para siswa. Menurut kami, 10 menit makan siang sudah cukup," kata juru bicara itu dilansir <em>Pear</em>.</p>
<p><iframe allowfullscreen="true" frameborder="0" height="301px" src="https://www.youtube.com/embed/Y6r6Xo2SdF8" webkitallowfullscreen="true" width="100%"></iframe></p><p>Langkah kontroversial itu terinspirasi dari aturan "Pabrik Gaokao", julukan SMA favorit di China yang menggunakan pendekatan militer.</p><!-- (ads.paralax) --><p>Pendekatan itu digunakan untuk mempersiapkan siswanya mengikuti Gaokao, atau ujian masuk universitas yang diklaim tersulit di dunia.</p><p>Dalam "pabrik Gao",  <a class="inner-link-tag" href="https://indeks.kompas.com/tag/sekolah" style="color:#428bca;" target="_self">sekolah</a> dimulai pukul 05.30 setiap hari. Beberapa sekolah bahkan menempatkan tank di pintu gerbang untuk memotivasi siswanya.</p><p>Menariknya seperti dilansir <em>Oddity Central</em>, salah satu siswa di "pabrik Gaokao" itu berkata bahwa mereka kursi di kantin.</p><p>Kebijakan sekolah itu tak pelak mendapat kecaman dari netizen yang menganggap langkah tersebut bakal menimbulkan perilaku makan tak sehat di kalangan siswa.</p><div id="ivs-widget-763e9270-6476"></div><p>"Bahkan seorang tahanan duduk ketika makan," kecam salah seorang warganet di Weibo. "Mungkin nantinya, mereka bakal menutup kantin," sindir netizen lain.</p>
<p><strong>Baca juga: <a class="inner-link-baca-juga" href="https://regional.kompas.com/read/2018/09/06/12141431/listrik-padam-kegiatan-belajar-mengajar-di-itb-terganggu" target="_self">Listrik Padam, Kegiatan Belajar Mengajar di ITB Terganggu</a></strong></p><div id="div-gpt-ad-974648810682144181-4112">
<script type="text/javascript">
            googletag.cmd.push(function() { googletag.display('div-gpt-ad-974648810682144181-4112'); });
        </script>
</div>
<br/> <div class="fb-quote"></div>
</div>Jokowi: Kabar Penghentian Tunjangan Profesi Guru Itu Hoaks...06/09/2018, 12:39 WIBRegional<div class="read__content">
<p><strong> <a class="inner-link-tag" href="https://indeks.kompas.com/tag/Surabaya" style="color:#428bca;" target="_self">SURABAYA</a>, KOMPAS.com</strong> — Presiden Joko Widodo ( <a class="inner-link-tag" href="https://indeks.kompas.com/tag/Jokowi" style="color:#428bca;" target="_self">Jokowi</a>) menegaskan bahwa kabar penghentian tunjangan  <a class="inner-link-tag" href="https://indeks.kompas.com/tag/profesi" style="color:#428bca;" target="_self">profesi</a> <a class="inner-link-tag" href="https://indeks.kompas.com/tag/guru" style="color:#428bca;" target="_self">guru</a> yang beredar di media sosial adalah  <a class="inner-link-tag" href="https://indeks.kompas.com/tag/berita-bohong" style="color:#428bca;" target="_self">berita bohong</a> atau  <a class="inner-link-tag" href="https://indeks.kompas.com/tag/hoaks" style="color:#428bca;" target="_self">hoaks</a>.</p>
<p>Jokowi sendiri berjanji akan berdiri di depan untuk membela kepentingan guru.</p><p> Penegasan itu disampaikan Presiden Jokowi di hadapan ribuan guru saat membuka Rakernas Lembaga Pendidikan PGRI di Kampus Universitas PGRI Adi Buana, Kamis (6/9/2018).</p>
<p>"Kabar itu bohong dan hoaks," kata Jokowi.</p><p> Jika ada gerakan sampai mengarah ke penghentian tunjangan profesi guru, kata Jokowi, dia akan berdiri paling depan membela kepentingan guru.</p>
<p><strong>Baca juga: <a class="inner-link-baca-juga" href="https://edukasi.kompas.com/read/2018/09/04/00020221/kemendikbud-dan-menpan-rb-siap-angkat-100-ribu-guru-baru" target="_self">Kemendikbud dan Menpan RB Siap Angkat 100 Ribu Guru Baru</a></strong></p><!-- (ads.paralax) -->
<p> </p>
<p>"Saya akan berdiri paling depan untuk membela dan memperjuangkan kesejahteraan guru," kata Jokowi.</p><p> Menurut Jokowi, meskipun kabar tersebut sudah dibantah Menteri Keuangan Sri Mulyani, dirinya merasa perlu menegaskan lagi kepada para guru. </p><div id="ivs-widget-763e9270-6476"></div><p> Kabar-kabar hoaks seperti itu, menurut Jokowi, biasa dikeluarkan di momentum-momentum politik seperti saat ini.</p>
<p>" <a class="inner-link-tag" href="https://indeks.kompas.com/tag/tunjangan-guru" style="color:#428bca;" target="_self">Tunjangan guru</a> akan tetap disalurkan untuk menyejahterakan para guru yang mengabdi untuk bangsa," ujarnya.</p>
<div id="div-gpt-ad-974648810682144181-4112">
<script type="text/javascript">
            googletag.cmd.push(function() { googletag.display('div-gpt-ad-974648810682144181-4112'); });
        </script>
</div>
<br/> <div class="fb-quote"></div>
</div>KPU, Bawaslu, dan DKPP Desak MA Putuskan Uji Materi PKPU06/09/2018, 12:39 WIBNasional<div class="read__content">
<p><strong>JAKARTA, KOMPAS.com</strong> - Ketua Komisi Pemilihan Umum ( <a class="inner-link-tag" href="https://indeks.kompas.com/tag/KPU" style="color:#428bca;" target="_self">KPU</a>) Arief Budiman menyebut akan segera mengirim surat permohonan ke Mahkamah Agung ( <a class="inner-link-tag" href="https://indeks.kompas.com/tag/MA" style="color:#428bca;" target="_self">MA</a>) untuk mengutamakan putusan uji materi Peraturan KPU (PKPU) yang memuat larangan mantan narapidana korupsi maju sebagai bakal calon legislatif (bacaleg).</p>
<p>Permohonan itu dikirim bersama Badan Pengawas Pemilu ( <a class="inner-link-tag" href="https://indeks.kompas.com/tag/Bawaslu" style="color:#428bca;" target="_self">Bawaslu</a>) dan Dewan Kehormatan Penyelenggara Pemilu (DKPP).</p><p> Hal itu lantaran waktu penetapan Daftar Calon Tetap (DCT) bacaleg sudah kian dekat. Oleh karenanya, polemik bacaleg mantan napi korupsi harus segera diselesaikan. </p><p> "Kami bertiga bersepakat akan menyampikan surat permohonan agar<em> judicial review</em> (terhadap PKPU) penyelesainnya menjadi prioritas," kata Arief usai melakukan pertemuan dengan Bawaslu dan DKPP, Jakarta Pusat, Rabu (5/9/2018).</p>
<p><strong>Baca juga: <a class="inner-link-baca-juga" href="https://nasional.kompas.com/read/2018/09/06/08193501/ini-kesepakatan-kpu-bawaslu-dan-dkpp-soal-polemik-bacaleg-eks-koruptor" target="_self">Ini Kesepakatan KPU, Bawaslu, dan DKPP soal Polemik Bacaleg Eks Koruptor</a></strong></p><p> Seperti diketahui, saat ini MA menunda sementara uji materi terhadap PKPU. Hal ini lantaran Undang-Undang Pemilu yang menjadi acuan PKPU, juga tengah diuji materi di Mahkamah Konstitusi (MK). </p><p> Arief menjelaskan, meskipun MA punya prosedur sendiri dalam memutuskan permohonan uji materi, tetapi, dalam hal Undang-Undang Pemilu, MA bisa memproses permohonan uji materi dalam waktu 30 hari.</p><p> Hal itu sesuai dengan bunyi pasal 76 Undang-Undang nomor 7 tahun 2017 tentang Pemilu. </p><p> "UU nomor 7 tahun 2017 itu mengatur klausul khusus bahwa MA itu diberikan kewenangan untuk memproses JR itu dalam proses 30 hari," terangnya.</p>
<p><strong>Baca juga: <a class="inner-link-baca-juga" href="https://nasional.kompas.com/read/2018/09/06/12013461/ma-anggap-dorongan-percepat-putusan-uji-materi-pkpu-salah-alamat" target="_self">MA Anggap Dorongan Percepat Putusan Uji Materi PKPU Salah Alamat </a></strong></p><!-- (ads.paralax) --><p> Selain akan mendorong MA untuk memutuskan uji materi terhadap PKPU, ketiga lembaga penyelenggara Pemilu itu juga akan bertemu dengan MA untuk meminta pandangan terhadap polemik ini.</p><p> Pertemuan itu, menurut Arief, akan dilaksanakan secepatnya. </p><p> "Kita sudah minta dikomunikasi sama pihak MA, tentu kami berharap cepat, kapan mereka ada waktu kami bertemu," ujarnya. </p><p> Sebelumnya, Bawaslu sudah meloloskan para mantan koruptor sebagai bakal caleg 2019. Pada masa pendaftaran bacaleg, mereka dinyatakan tidak memenuhi syarat (TMS) oleh KPU.</p>
<p><strong>Baca juga: <a class="inner-link-baca-juga" href="https://nasional.kompas.com/read/2018/09/05/16410731/mk-tindaklanjuti-gugatan-uu-pemilu-setelah-tuntaskan-sengketa-pilkada" target="_self">MK Tindaklanjuti Gugatan UU Pemilu Setelah Tuntaskan Sengketa Pilkada </a></strong></p><p> Para mantan koruptor tersebut lantas mengajukan sengketa pendaftaran ke Bawaslu dan Panwaslu setempat. Hasil sengketa menyatakan seluruhnya memenuhi syarat (MS).</p><p> Bawaslu mengacu pada Undang-Undang Pemilu nomor 7 tahun 2017 yang tidak melarang mantan koruptor untuk mendaftar sebagai caleg. </p><div id="ivs-widget-763e9270-6476"></div><p> Sementara KPU, dalam bekerja berpegang pada Peraturan KPU (PKPU) Nomor 20 tahun 2018 yang memuat larangan mantan koruptor menjadi calon wakil rakyat.</p><p> KPU untuk saat ini menolak menjalankan keputusan Bawaslu. KPU akan merevisi keputusan jika bertentangan dengan putusan Mahkamah Agung nantinya.</p><div id="div-gpt-ad-974648810682144181-4112">
<script type="text/javascript">
            googletag.cmd.push(function() { googletag.display('div-gpt-ad-974648810682144181-4112'); });
        </script>
</div>
<br/> <div class="fb-quote"></div>
</div>Pemulihan Lahan Terbakar di Kawasan Bromo Akan Dilakukan Secara Alami06/09/2018, 12:34 WIBRegional<div class="read__content">
<p><strong>JAKARTA, KOMPAS.com</strong> – Lahan hangus akibat kebakaran yang terjadi pada Sabtu (1/9/2018), di kawasan padang rumput atau sabana dekat Gunung  <a class="inner-link-tag" href="https://indeks.kompas.com/tag/Bromo" style="color:#428bca;" target="_self">Bromo</a>, akan dibiarkan pulih secara alami.</p>
<p>"Memang dibiarkan tumbuh alami. Karena kalau mau menanam di taman nasional harus di zona rehabilitasi, tidak sembarangan menanam," ucap Penyuluh Kehutanan  <a class="inner-link-tag" href="https://indeks.kompas.com/tag/Taman-Nasional-Bromo-Tengger-Semeru" style="color:#428bca;" target="_self">Taman Nasional Bromo Tengger Semeru</a> (TNBTS), Birama Terang Radityo, kepada <em>Kompas.com</em> pada Kamis (6/9/2018).</p>
<p>Birama melanjutkan, proses pemulihan semacam itu dilakukan berdasarkan prinsip pengelolaan taman nasional yang selama ini dilakukan.</p>
<p>"Karena pada prinsipnya, pengelolaan di taman nasional mengupayakan minimalisasi mengubah keaslian ekosistem yang ada," ujarnya.</p>
<p>Hal ini berangkat dari Peraturan Menteri Lingkungan Hidup dan Kehutanan tentang Kriteria Zona Pengelolaan Cagar Alam, Suaka Marga Satwa, Taman Hutan Raya, dan Taman Hutan Alam.</p>
<p><strong>Baca juga: <a class="inner-link-baca-juga" href="https://regional.kompas.com/read/2018/09/05/18221431/butuh-satu-bulan-untuk-pulihkan-sabana-gunung-bromo-yang-terbakar" target="_self">Butuh Satu Bulan untuk Pulihkan Sabana Gunung Bromo yang Terbakar</a></strong></p>
<p></p><div class="photo" id="5b1a3d62ce61d053671f8268" style="   max-width: 100% ; width:750px "><img alt="Suasana Taman Nasional Bromo Tengger Semeru terlihat dari bukit Metigen, Desa Ngadisari, Kecamatan Sukapura, Probolinggo, Jawa Timur, Kamis (7/6/2018). Taman nasional yang secara administratif meliputi Kabupaten Pasuruan, Kabupaten Malang, Kabupaten Probolinggo, dan Kabupaten Lumajang yang ditetapkan sejak 1982 dengan luas wilayah mencapai 50.276,3 hektare itu menjadi salah satu tujuan wisata andalan Indonesia yang dikunjungi wisawatan domestik dan mancanegara." data-aligment="" data-width="750px" src="https://asset.kompas.com/crop/0x0:1000x667/750x500/data/photo/2018/06/08/1585335048.jpg"/><span class="pb_10 author">KOMPAS.com/GARRY ANDREW LOTULUNG</span> Suasana Taman Nasional Bromo Tengger Semeru terlihat dari bukit Metigen, Desa Ngadisari, Kecamatan Sukapura, Probolinggo, Jawa Timur, Kamis (7/6/2018). Taman nasional yang secara administratif meliputi Kabupaten Pasuruan, Kabupaten Malang, Kabupaten Probolinggo, dan Kabupaten Lumajang yang ditetapkan sejak 1982 dengan luas wilayah mencapai 50.276,3 hektare itu menjadi salah satu tujuan wisata andalan Indonesia yang dikunjungi wisawatan domestik dan mancanegara.</div>
<p>Salah satu kegiatan yang diperkenankan untuk dilakukan di zona-zona taman nasional adalah pembinaan habitat dan populasi dalam rangka mempertahankan keberadaan populasi hidupan liar.</p>
<p>Proses pemulihan lahan terbakar yang dilakukan secara alami dapat memakan waktu hingga dua bulan, tergantung pada cuaca di lokasi.</p><!-- (ads.paralax) -->
<p>"Sebulan sampai dua bulan kalau kemarau, tapi kalau hujan seminggu sudah hijau lagi," ucap Birama.</p>
<p><strong>Baca juga: <a class="inner-link-baca-juga" href="https://regional.kompas.com/read/2018/09/03/21530771/kebakaran-sabana-gunung-bromo-diduga-akibat-ulah-warga" target="_self">Kebakaran Sabana Gunung Bromo Diduga Akibat Ulah Warga</a></strong></p>
<p></p><div class="photo" id="59b78a25ce61d068ec6c7e65" style="   max-width: 100% ; width:750px "><img alt="Perugas terlihat berjibaku memadamkan api yang melalap padang sabana Bromo." data-aligment="" data-width="750px" src="https://asset.kompas.com/crop/0x83:1000x750/750x500/data/photo/2017/09/12/1054973103.jpg"/><span class="pb_10 author">KOMPAS.com/Ahmad Faisol</span> Perugas terlihat berjibaku memadamkan api yang melalap padang sabana Bromo.</div>
<p>TNBTS, khususnya kawasan sabana Bromo merupakan titik rawan kebakaran lahan di tiap musim kemarau. Berdasarkan keterangan Birama, dalam lima tahun terakhir, hanya pada 2016 tidak terjadi kebakaran lahan di titik ini.</p>
<p>Untuk itu, petugas dari TNBTS selalu mengaktivasi kegiatan patroli khusus kebakaran hutan jika musim kemarau tiba.</p>
<p>Terakhir, kebakaran lahan yang terjadi di kawasan Taman Nasional  <a class="inner-link-tag" href="https://indeks.kompas.com/tag/Bromo-Tengger-Semeru" style="color:#428bca;" target="_self">Bromo Tengger Semeru</a> (TNBTS), tepatnya di padang rumput atau sabana dekat Gunung Bromo, kobaran api diketahui sejak Senin (1/9/2018) sudah berhasil dipadamkan seluruhnya pada Senin (3/9/2018).</p><div id="ivs-widget-763e9270-6476"></div>
<p>Salah satu faktor yang menyebabkan api sulit dikendalikan, karena adanya angin besar yang menyapu kawasan tersebut sepanjang musim kemarau seperti sekarang ini. Hal itu menyebabkan api dengan cepatnya meluas dan membakar lahan disekitarnya.</p>
<p>"Angin ini sebenarnya yang bikin kita kuwalahan ketika kebakaran. Cepat meluas apinya," kata Birama.</p>
<div id="div-gpt-ad-974648810682144181-4112">
<script type="text/javascript">
            googletag.cmd.push(function() { googletag.display('div-gpt-ad-974648810682144181-4112'); });
        </script>
</div>
<br/> <div class="fb-quote"></div>
</div>Ketua KASN: Belum Semua Rekomendasi Kami Dilaksanakan Pemprov DKI06/09/2018, 12:32 WIBMegapolitan<div class="read__content">
<p><strong>JAKARTA, KOMPAS.com</strong> - Ketua Komisi Aparatur Sipil Negara ( <a class="inner-link-tag" href="https://indeks.kompas.com/tag/KASN" style="color:#428bca;" target="_self">KASN</a>) Sofian Effendi mengatakan, belum semua  <a class="inner-link-tag" href="https://indeks.kompas.com/tag/rekomendasi" style="color:#428bca;" target="_self">rekomendasi</a> KASN mengenai perombakan pejabat dilaksanakan Pemprov DKI.</p>
<p>Padahal, tenggat waktu untuk menindaklanjuti rekomendasi itu sudah berakhir.</p><p> "Belum, masih pending, belum semua rekomendasi kita dilaksanakan," ujar Sofian saat dihubungi <em>Kompas.com</em>, Kamis (6/9/2018).</p>
<p><strong>Baca juga: <a class="inner-link-baca-juga" href="https://megapolitan.kompas.com/read/2018/08/07/16360381/dki-tetap-pensiunkan-10-pejabat-yang-dicopot-meski-ditentang-kasn" target="_self">DKI Tetap Pensiunkan 10 Pejabat yang Dicopot meski Ditentang KASN</a></strong></p><p> Sofian menyampaikan, pejabat yang dicopot Gubernur DKI Jakarta  <a class="inner-link-tag" href="https://indeks.kompas.com/tag/Anies" style="color:#428bca;" target="_self">Anies</a> Baswedan belum dikembalikan ke jabatannya semula.</p><p> Para pejabat yang dicopot itu malah mengadu kembali ke KASN karena belum bisa menerima tabungan pensiun dari PT Taspen (Persero).</p>
<p>Alasannya, usia mereka belum memenuhi usia pensiun, 60 tahun.</p><p> "Minggu yang lalu, itu hari Jumat, sebagian dari pejabat-pejabat yang dikenakan pemberhentian itu, mengadu lagi kepada kami," kata Sofian.</p><p> Meskipun belum semua rekomendasi ditindaklanjuti, KASN tidak akan langsung merekomendasikan Presiden Joko Widodo untuk memberikan sanksi kepada Pemprov DKI Jakarta.</p><p> Sofian menyebut KASN akan menjembatani Pemprov DKI dengan para pejabat yang dicopot untuk menyelesaikan masalah pencopotan itu dalam waktu satu pekan ke depan.</p><p> "Kami masih menjembatani supaya ini selesai urusan ini, baru kita finalkan, kita laporkan ke Presiden. Kita harapkan one week ini," ucap dia.</p>
<p><strong>Baca juga: <a class="inner-link-baca-juga" href="https://megapolitan.kompas.com/read/2018/08/06/16072121/kasn-meminta-pejabat-dki-yang-dicopot-ditunda-pensiunnya" target="_self">KASN Meminta, Pejabat DKI yang Dicopot Ditunda Pensiunnya</a></strong></p><!-- (ads.paralax) --><p> Menurut Sofian, hal yang dilakukan Pemprov DKI untuk menindaklanjuti rekomendasi KASN yakni memberikan jabatan baru yang setingkat dan memberikan jabatan fungsional.</p>
<p>Ada pejabat yang tetap diberhentikan karena masuk ke dunia politik dan para pejabat tersebut menerima putusan itu.</p><p> Ada empat rekomendasi yang dikeluarkan KASN terkait pelanggaran Pemprov DKI yang merombak pejabat.</p>
<p>Namun, rekomendasi paling pokok adalah meminta Gubernur DKI Jakarta Anies Baswedan mengembalikan jabatan para pejabat yang dicopot.</p>
<p> <a class="inner-link-tag" href="https://indeks.kompas.com/tag/rekomendasi" style="color:#428bca;" target="_self">Rekomendasi</a> itu harus ditindaklanjuti paling lambat 30 hari kerja setelah terbitnya rekomendasi tersebut.</p><p> Sekretaris Daerah DKI Jakarta Saefullah pernah menyatakan, Pemprov DKI tetap memensiunkan 10 pejabat eselon II yang dicopot Anies awal Juli lalu.</p>
<p><strong>Baca juga: <a class="inner-link-baca-juga" href="https://megapolitan.kompas.com/read/2018/08/03/08095271/saefullah-merasa-dki-sudah-cukup-tindak-lanjuti-rekomendasi-kasn" target="_self">Saefullah Merasa DKI Sudah Cukup Tindak Lanjuti Rekomendasi KASN</a></strong></p><p> Menurut Saefullah, para pejabat yang dicopot itu dipensiunkan sebelum usia 60 tahun karena berstatus PNS biasa atau staf sebelum pensiun.</p>
<p>Batas usia pensiun (BUP) bagi pejabat struktural eselon II adalah 60, sedangkan bagi staf atau yang tidak memegang jabatan struktural BUP-nya 58 tahun.</p><div id="ivs-widget-763e9270-6476"></div><p> Saefullah mengatakan, 10 pejabat yang dipensiunkan itu tak bisa dikembalikan jabatannya.</p><p> "Kalau jabatannya itu sudah tidak diberikan lagi, maka posisinya yang bersangkutan menjadi staf, kalau staf ya berarti usia 58 tahun. Mau dibolak-balik bagaimana? Enggak bisa lagi. 58 tahun (pensiun) siapa pun," kata Saefullah di Balai Kota DKI Jakarta, Selasa (7/8/2018).</p><div id="div-gpt-ad-974648810682144181-4112">
<script type="text/javascript">
            googletag.cmd.push(function() { googletag.display('div-gpt-ad-974648810682144181-4112'); });
        </script>
</div>
<br/> <div class="fb-quote"></div>
</div>Ridwan Kamil Bakal Bikin WhatsApp Grup Khusus Bupati Wali Kota di Jawa Barat06/09/2018, 12:29 WIBRegional<div class="read__content">
<p><strong>BANDUNG, KOMPAS.com</strong> -  <a class="inner-link-tag" href="https://indeks.kompas.com/tag/gubernur" style="color:#428bca;" target="_self">Gubernur</a> Jawa Barat  <a class="inner-link-tag" href="https://indeks.kompas.com/tag/Ridwan-Kamil" style="color:#428bca;" target="_self">Ridwan Kamil</a> menyampaikan sambutannya pada acara serah terima jabatan dari Penjabat Gubernur Jawa Barat Mochamad Iriawan di  <a class="inner-link-tag" href="https://indeks.kompas.com/tag/Gedung-Sate" style="color:#428bca;" target="_self">Gedung Sate</a>, Jalan Diponegoro, Kota Bandung, Kamis (6/9/2018). </p><p>Dalam sambutanya, pria yang akrab disapa Emil ini akan mengefektifkan komunikasi antara dirinya dan 27 bupati wali kota di Jawa Barat memanfaatkan aplikasi WhatsApp.</p><p>“Mulai besok pagi saya akan bikin WhatsApp group yang isinya bupati wali kota,” ucap Emil, Kamis pagi.</p><p>Lebih lanjut Emil menambahkan, dengan WhatsApp Group yang diisi Bupati Wali Kota, diharapkan komunikasi antar pemimpin daerah bisa lebih efektif. </p><p> <strong>Baca juga: <a class="inner-link-baca-juga" href="https://nasional.kompas.com/read/2018/09/05/16553871/ini-yang-bakal-dilakukan-ridwan-kamil-usai-resmi-jabat-gubernur-jabar" target="_self">Ini yang Bakal Dilakukan Ridwan Kamil Usai Resmi Jabat Gubernur Jabar</a></strong></p><p> “Kalau butuh apa-apa tinggal WA. Enggak usah banyak rapat kalau semua urusan bisa beres lewat WA,” tuturnya. </p><!-- (ads.paralax) --><p>Emil berharap, melui group WhatsApp bupati dan wali kota bisa langsung berkonsultasi dengan dirinya terkait ide-ide pembangunan infrastruktur di Jawa Barat.</p><p>“Pada saat bapak dan ibu kesulitan dalam hal mengantarkan dimensi pembangunan, tinggal telepon saya. Bagaimana caranya akan saya usahakan Gubernur juga bisa hadir di dimensi pembangunan karena rakyat bapak ibu adalah rakyat saya juga,” ucapnya.</p><p>Tidak hanya lewat aplikasi digital saja, Emil juga merencanakan untuk sesering mungkin membangun silahturahmi dengan kepala daerah kota dan kabupaten di Jawa Barat dengan cara kopi darat.</p><div id="ivs-widget-763e9270-6476"></div><p> <strong>Baca juga: <a href="http://regional.kompas.com/read/2018/09/05/10465481/ridwan-kamil-saya-akan-menolong-warga-bandung-dengan-cara-baru" target="_self">Ridwan Kamil: Saya Akan Menolong Warga Bandung dengan Cara Baru</a></strong></p><p> “Ya kita juga ngumpul, ngariung, mancing tiga bulan sekali. Kita bereskan semua masalah dan salah-salah persepsi. Saya ingin membangun hubungan batin antara  <a class="inner-link-tag" href="https://indeks.kompas.com/tag/gubernur" style="color:#428bca;" target="_self">gubernur</a> dan kepala daerah agar bisa sama sama ngurus rakyat dan ngurus umat,” katanya. </p>
<div id="div-gpt-ad-974648810682144181-4112">
<script type="text/javascript">
            googletag.cmd.push(function() { googletag.display('div-gpt-ad-974648810682144181-4112'); });
        </script>
</div>
<br/> <div class="fb-quote"></div>
</div>Demokrat Klarifikasi ke Roy Suryo soal Tagihan Barang Milik Negara06/09/2018, 12:29 WIBNasional